{
  "meta": {
    "engine": "stockfish 18 lite wasm single-threaded",
    "depth": 12,
    "multiPv": 3,
    "generatedAt": "2026-07-12T20:14:31.723Z",
    "pilot": true
  },
  "bands": [
    {
      "timeClass": "blitz",
      "minRating": 1200,
      "maxRating": 1600,
      "nPlayers": 3,
      "t1Rate": {
        "mean": 0.3739831367603788,
        "std": 0.06827243377307698
      },
      "t2Rate": {
        "mean": 0.4999826916895384,
        "std": 0.06601691581250607
      },
      "t3Rate": {
        "mean": 0.5836461192295329,
        "std": 0.07742373328163511
      },
      "acpl": {
        "mean": 53.99567745551352,
        "std": 20.831392988081113
      },
      "accuracy": {
        "mean": 77.99016278010424,
        "std": 3.79219878453302
      },
      "instantRate": {
        "mean": 0.044413124644561486,
        "std": 0.02329660850391854
      },
      "thinkCv": {
        "mean": 1.0421827135437562,
        "std": 0.24547751476409863
      }
    },
    {
      "timeClass": "blitz",
      "minRating": 1600,
      "maxRating": 2000,
      "nPlayers": 4,
      "t1Rate": {
        "mean": 0.3465987956725862,
        "std": 0.06254007525355457
      },
      "t2Rate": {
        "mean": 0.5037210717208678,
        "std": 0.047189145815420115
      },
      "t3Rate": {
        "mean": 0.6027188486361892,
        "std": 0.04546039378656376
      },
      "acpl": {
        "mean": 56.30067687241328,
        "std": 18.118520105040453
      },
      "accuracy": {
        "mean": 80.52422648853963,
        "std": 1.611939182173224
      },
      "instantRate": {
        "mean": 0.14164133039581714,
        "std": 0.07447333213053721
      },
      "thinkCv": {
        "mean": 0.9146591951771912,
        "std": 0.06349261531447922
      }
    },
    {
      "timeClass": "blitz",
      "minRating": 2000,
      "maxRating": 2400,
      "nPlayers": 4,
      "t1Rate": {
        "mean": 0.31168661003566667,
        "std": 0.05679556972427083
      },
      "t2Rate": {
        "mean": 0.5019784548086434,
        "std": 0.03343617045560823
      },
      "t3Rate": {
        "mean": 0.6183334921542468,
        "std": 0.03227808622702414
      },
      "acpl": {
        "mean": 42.110244402697234,
        "std": 7.709805487366709
      },
      "accuracy": {
        "mean": 85.59053893429191,
        "std": 3.0142950155993837
      },
      "instantRate": {
        "mean": 0.16011700563587358,
        "std": 0.06632560612510881
      },
      "thinkCv": {
        "mean": 1.155043229740822,
        "std": 0.16918085277544345
      }
    }
  ]
}
