{
  "meta": {
    "engine": "stockfish 18 lite wasm single-threaded",
    "depth": 12,
    "multiPv": 3,
    "generatedAt": "2026-07-12T20:30:44.387Z",
    "pilot": true
  },
  "bands": [
    {
      "timeClass": "blitz",
      "minRating": 1200,
      "maxRating": 1600,
      "nPlayers": 3,
      "t1Rate": {
        "mean": 0.3739831367603788,
        "std": 0.06827243377307698
      },
      "t2Rate": {
        "mean": 0.4999826916895384,
        "std": 0.06601691581250607
      },
      "t3Rate": {
        "mean": 0.5836461192295329,
        "std": 0.07742373328163511
      },
      "acpl": {
        "mean": 53.99567745551352,
        "std": 20.831392988081113
      },
      "accuracy": {
        "mean": 77.99016278010424,
        "std": 3.79219878453302
      },
      "instantRate": {
        "mean": 0.044413124644561486,
        "std": 0.02329660850391854
      },
      "thinkCv": {
        "mean": 1.0421827135437562,
        "std": 0.24547751476409863
      }
    },
    {
      "timeClass": "rapid",
      "minRating": 1200,
      "maxRating": 1600,
      "nPlayers": 4,
      "t1Rate": {
        "mean": 0.2179563492063492,
        "std": 0.05259499243657015
      },
      "t2Rate": {
        "mean": 0.4374458874458874,
        "std": 0.06756354908285107
      },
      "t3Rate": {
        "mean": 0.5119227994227994,
        "std": 0.0556755774468429
      },
      "acpl": {
        "mean": 76.57470238095237,
        "std": 8.317702433872947
      },
      "accuracy": {
        "mean": 74.98951434849006,
        "std": 2.6421801511330294
      },
      "instantRate": {
        "mean": 0,
        "std": 0
      },
      "thinkCv": {
        "mean": 0.87562492678474,
        "std": 0.07567490558401627
      }
    },
    {
      "timeClass": "blitz",
      "minRating": 1600,
      "maxRating": 2000,
      "nPlayers": 4,
      "t1Rate": {
        "mean": 0.3465987956725862,
        "std": 0.06254007525355457
      },
      "t2Rate": {
        "mean": 0.5037210717208678,
        "std": 0.047189145815420115
      },
      "t3Rate": {
        "mean": 0.6027188486361892,
        "std": 0.04546039378656376
      },
      "acpl": {
        "mean": 56.30067687241328,
        "std": 18.118520105040453
      },
      "accuracy": {
        "mean": 80.52422648853963,
        "std": 1.611939182173224
      },
      "instantRate": {
        "mean": 0.14164133039581714,
        "std": 0.07447333213053721
      },
      "thinkCv": {
        "mean": 0.9146591951771912,
        "std": 0.06349261531447922
      }
    },
    {
      "timeClass": "blitz",
      "minRating": 2000,
      "maxRating": 2400,
      "nPlayers": 4,
      "t1Rate": {
        "mean": 0.31168661003566667,
        "std": 0.05679556972427083
      },
      "t2Rate": {
        "mean": 0.5019784548086434,
        "std": 0.03343617045560823
      },
      "t3Rate": {
        "mean": 0.6183334921542468,
        "std": 0.03227808622702414
      },
      "acpl": {
        "mean": 42.110244402697234,
        "std": 7.709805487366709
      },
      "accuracy": {
        "mean": 85.59053893429191,
        "std": 3.0142950155993837
      },
      "instantRate": {
        "mean": 0.16011700563587358,
        "std": 0.06632560612510881
      },
      "thinkCv": {
        "mean": 1.155043229740822,
        "std": 0.16918085277544345
      }
    },
    {
      "timeClass": "blitz",
      "minRating": 2400,
      "maxRating": 3000,
      "nPlayers": 4,
      "t1Rate": {
        "mean": 0.4182071640045778,
        "std": 0.028768595673841386
      },
      "t2Rate": {
        "mean": 0.6390896118112868,
        "std": 0.037210715699771905
      },
      "t3Rate": {
        "mean": 0.7334495775844299,
        "std": 0.028669078274207886
      },
      "acpl": {
        "mean": 27.17936005907065,
        "std": 1.6208278807548657
      },
      "accuracy": {
        "mean": 89.80991882428395,
        "std": 0.7657164368831569
      },
      "instantRate": {
        "mean": 0.2332366149176494,
        "std": 0.12757456730171043
      },
      "thinkCv": {
        "mean": 1.0693060259303389,
        "std": 0.20541271973025801
      }
    },
    {
      "timeClass": "rapid",
      "minRating": 2400,
      "maxRating": 3000,
      "nPlayers": 4,
      "t1Rate": {
        "mean": 0.42661303746604534,
        "std": 0.029556004017632267
      },
      "t2Rate": {
        "mean": 0.6269858605881158,
        "std": 0.03445427018796098
      },
      "t3Rate": {
        "mean": 0.746676162185507,
        "std": 0.04437857635114391
      },
      "acpl": {
        "mean": 24.360230395999757,
        "std": 5.292168737362423
      },
      "accuracy": {
        "mean": 89.714892181302,
        "std": 2.0829334448478476
      },
      "instantRate": {
        "mean": 0.052746384912375835,
        "std": 0.04928248824744812
      },
      "thinkCv": {
        "mean": 1.17746595869782,
        "std": 0.3288027449445542
      }
    }
  ]
}
