{
  "meta": {
    "engine": "stockfish 18 lite wasm single-threaded",
    "depth": 12,
    "multiPv": 3,
    "generatedAt": "2026-07-13T15:02:54.094Z",
    "pilot": false
  },
  "bands": [
    {
      "timeClass": "blitz",
      "minRating": 400,
      "maxRating": 800,
      "nPlayers": 1,
      "t1Rate": {
        "mean": 0.4186046511627907,
        "std": 0
      },
      "t2Rate": {
        "mean": 0.46511627906976744,
        "std": 0
      },
      "t3Rate": {
        "mean": 0.5348837209302325,
        "std": 0
      },
      "acpl": {
        "mean": 79.30952380952381,
        "std": 0
      },
      "accuracy": {
        "mean": 74.69253803611367,
        "std": 0
      },
      "instantRate": {
        "mean": 0.09302325581395349,
        "std": 0
      },
      "thinkCv": {
        "mean": 0.7698954371918797,
        "std": 0
      }
    },
    {
      "timeClass": "blitz",
      "minRating": 800,
      "maxRating": 1200,
      "nPlayers": 28,
      "t1Rate": {
        "mean": 0.259342599838884,
        "std": 0.056678549150911334
      },
      "t2Rate": {
        "mean": 0.4178439281458415,
        "std": 0.05130468428616077
      },
      "t3Rate": {
        "mean": 0.5043424054362248,
        "std": 0.06042450969355569
      },
      "acpl": {
        "mean": 88.70935476669544,
        "std": 26.33921004094821
      },
      "accuracy": {
        "mean": 74.51645343476045,
        "std": 4.8178438968187205
      },
      "instantRate": {
        "mean": 0.052443232162283145,
        "std": 0.05570018383554475
      },
      "thinkCv": {
        "mean": 0.9888296661749189,
        "std": 0.25290117214250596
      },
      "accuracyStd": {
        "mean": 10.955764068880876,
        "std": 3.1636551300127427
      },
      "timeComplexityCorr": {
        "mean": 0.0001464508157723865,
        "std": 0.1492723095536457
      }
    },
    {
      "timeClass": "rapid",
      "minRating": 800,
      "maxRating": 1200,
      "nPlayers": 27,
      "t1Rate": {
        "mean": 0.2519513382533153,
        "std": 0.05906054504687849
      },
      "t2Rate": {
        "mean": 0.4073376214152938,
        "std": 0.07204424212101601
      },
      "t3Rate": {
        "mean": 0.5066451445566714,
        "std": 0.06065430484509815
      },
      "acpl": {
        "mean": 94.80596074244886,
        "std": 24.422827935545094
      },
      "accuracy": {
        "mean": 73.85136415452841,
        "std": 4.297293128832687
      },
      "instantRate": {
        "mean": 0.03179787995888145,
        "std": 0.03589484790904109
      },
      "thinkCv": {
        "mean": 1.0364924704464473,
        "std": 0.27314458055037355
      },
      "accuracyStd": {
        "mean": 10.886312708517126,
        "std": 3.1898514090659997
      },
      "timeComplexityCorr": {
        "mean": -0.008167419079196504,
        "std": 0.16335118747677735
      }
    },
    {
      "timeClass": "blitz",
      "minRating": 1200,
      "maxRating": 1600,
      "nPlayers": 87,
      "t1Rate": {
        "mean": 0.28986261050063455,
        "std": 0.050393816374967114
      },
      "t2Rate": {
        "mean": 0.4540143490116848,
        "std": 0.05869609483651236
      },
      "t3Rate": {
        "mean": 0.5557006850579551,
        "std": 0.06338879670379308
      },
      "acpl": {
        "mean": 64.2765611677338,
        "std": 16.887981843888745
      },
      "accuracy": {
        "mean": 78.15980600075085,
        "std": 4.652354204245717
      },
      "instantRate": {
        "mean": 0.04047526940788872,
        "std": 0.03823177836935584
      },
      "thinkCv": {
        "mean": 0.9618544646544337,
        "std": 0.25403486561774746
      },
      "accuracyStd": {
        "mean": 9.5344264060923,
        "std": 3.583540180319355
      },
      "timeComplexityCorr": {
        "mean": 0.012035135876742292,
        "std": 0.11864016665811745
      }
    },
    {
      "timeClass": "rapid",
      "minRating": 1200,
      "maxRating": 1600,
      "nPlayers": 99,
      "t1Rate": {
        "mean": 0.3056954633157953,
        "std": 0.045353373195933175
      },
      "t2Rate": {
        "mean": 0.47171100971399077,
        "std": 0.05316929138833222
      },
      "t3Rate": {
        "mean": 0.5710987450154336,
        "std": 0.05003267849827512
      },
      "acpl": {
        "mean": 61.5994189891878,
        "std": 14.056757491723317
      },
      "accuracy": {
        "mean": 78.94577053629284,
        "std": 4.153133597453095
      },
      "instantRate": {
        "mean": 0.0430494513488385,
        "std": 0.04446645768932953
      },
      "thinkCv": {
        "mean": 1.1039570175881805,
        "std": 0.3695508912662019
      },
      "accuracyStd": {
        "mean": 10.56208483618709,
        "std": 3.710071108453171
      },
      "timeComplexityCorr": {
        "mean": -0.013999441987220664,
        "std": 0.1340538931493814
      }
    },
    {
      "timeClass": "blitz",
      "minRating": 1600,
      "maxRating": 2000,
      "nPlayers": 93,
      "t1Rate": {
        "mean": 0.32289006710860885,
        "std": 0.04761989832451442
      },
      "t2Rate": {
        "mean": 0.4936282987798715,
        "std": 0.06078122871107156
      },
      "t3Rate": {
        "mean": 0.5974936651995622,
        "std": 0.06031463711155908
      },
      "acpl": {
        "mean": 50.51275831370975,
        "std": 14.011974161488052
      },
      "accuracy": {
        "mean": 82.03902824379638,
        "std": 4.068620236911792
      },
      "instantRate": {
        "mean": 0.08181652084756322,
        "std": 0.07110281429003212
      },
      "thinkCv": {
        "mean": 1.0153865769684198,
        "std": 0.1966730780222591
      },
      "accuracyStd": {
        "mean": 8.81643595185037,
        "std": 3.339787428069883
      },
      "timeComplexityCorr": {
        "mean": 0.012309750904928805,
        "std": 0.10562038135133431
      }
    },
    {
      "timeClass": "rapid",
      "minRating": 1600,
      "maxRating": 2000,
      "nPlayers": 94,
      "t1Rate": {
        "mean": 0.33442723680465586,
        "std": 0.044246620233127996
      },
      "t2Rate": {
        "mean": 0.5038234949983306,
        "std": 0.044692062115253735
      },
      "t3Rate": {
        "mean": 0.6074321087856462,
        "std": 0.0440887443265751
      },
      "acpl": {
        "mean": 49.174838376599325,
        "std": 11.425961088990881
      },
      "accuracy": {
        "mean": 82.49099974827128,
        "std": 3.4163786152001365
      },
      "instantRate": {
        "mean": 0.061667214471827825,
        "std": 0.05804089693854256
      },
      "thinkCv": {
        "mean": 1.1796399706720015,
        "std": 0.3296534925518533
      },
      "accuracyStd": {
        "mean": 8.480150589262475,
        "std": 3.0982721244678055
      },
      "timeComplexityCorr": {
        "mean": 0.012253366887838766,
        "std": 0.10745263092400104
      }
    },
    {
      "timeClass": "blitz",
      "minRating": 2000,
      "maxRating": 2400,
      "nPlayers": 84,
      "t1Rate": {
        "mean": 0.3518457493654818,
        "std": 0.049099063806038484
      },
      "t2Rate": {
        "mean": 0.5276085790482171,
        "std": 0.05431873497653905
      },
      "t3Rate": {
        "mean": 0.630653690858186,
        "std": 0.054604883778887864
      },
      "acpl": {
        "mean": 42.86913809400876,
        "std": 11.899624625744122
      },
      "accuracy": {
        "mean": 84.50477255786035,
        "std": 3.5475026705661548
      },
      "instantRate": {
        "mean": 0.16459591988943306,
        "std": 0.09649466533855204
      },
      "thinkCv": {
        "mean": 1.1040302149914691,
        "std": 0.1923266019779479
      },
      "accuracyStd": {
        "mean": 7.4662437051766455,
        "std": 2.876980144469343
      },
      "timeComplexityCorr": {
        "mean": 0.038075580598585256,
        "std": 0.10448751360524931
      }
    },
    {
      "timeClass": "rapid",